<?xml version="1.0" encoding="UTF-8"?>
<!DOCTYPE log4j:configuration SYSTEM "log4j.dtd">

<log4j:configuration xmlns:log4j="http://jakarta.apache.org/log4j/">
    <appender name="CONSOLE" class="org.apache.log4j.ConsoleAppender">
        <layout class="org.apache.log4j.PatternLayout">
            <param name="ConversionPattern" value="[%d{ISO8601}] %5p %c{1}.%M(%L) -> %m%n"/>
        </layout>
    </appender>

    <appender name="FILE" class="org.apache.log4j.RollingFileAppender">
        <param name="File" value="/CNProjectHome/eclipse/eclipse-jee-neon-2/workspace/sample/logs/application.log"/>
        <param name="MaxFileSize" value="1MB"/>
        <param name="MaxBackupIndex" value="10"/>
        <layout class="org.apache.log4j.PatternLayout">
            <param name="ConversionPattern" value="[%d{ISO8601}] %5p %c.%M(%L) -> %m%n"/>
        </layout>
    </appender>

    <appender name="EXCEPTION" class="org.apache.log4j.DailyRollingFileAppender">
        <param name="File" value="/CNProjectHome/eclipse/eclipse-jee-neon-2/workspace/sample/logs/exception.log"/>
        <param name="DatePattern" value="'.'yyyy-MM-dd"/>
        <layout class="org.apache.log4j.PatternLayout">
            <param name="ConversionPattern" value="[%d{ISO8601}] %m%n"/>
        </layout>
    </appender>

    <appender name="longtimeAppender" class="org.apache.log4j.DailyRollingFileAppender">
        <param name="File" value="/CNProjectHome/eclipse/eclipse-jee-neon-2/workspace/sample/longtime.log"/>
        <param name="DatePattern" value="'.'yyyy-MM-dd"/>
        <layout class="org.apache.log4j.PatternLayout">
            <param name="ConversionPattern" value="[%d{ISO8601}] %m%n"/>
        </layout>
    </appender>    

    <logger name="org.springframework">
        <level value="INFO"/>
    </logger>
    
    <logger name="org.springframework.context">
        <level value="DEBUG"/>
    </logger>
    
    <logger name="org.springframework.context.annotation">
        <level value="INFO"/>
    </logger>     

    <logger name="org.springframework.web.context">
        <level value="DEBUG"/>
    </logger>
    
    <logger name="org.springframework.transaction">
        <level value="DEBUG"/>
    </logger>

    <logger name="org.springframework.transaction.annotation.AnnotationTransactionAttributeSource">
        <level value="INFO"/>
    </logger>

    <logger name="org.springframework.beans.factory.annotation.AutowiredAnnotationBeanPostProcessor">
        <level value="INFO"/>
    </logger>

    <logger name="org.springframework.jdbc.datasource.DataSourceTransactionManager">
        <level value="INFO"/>
    </logger>         
    
    <logger name="org.springframework.jdbc.core.JdbcTemplate">
        <level value="INFO"/>
    </logger>
    
    <logger name="org.springframework.batch.item.database">
        <level value="DEBUG"/>
    </logger>
    
    <logger name="org.apache.commons">
        <level value="INFO"/>
    </logger>
    
    <logger name="org.apache.http">
        <level value="INFO"/>
    </logger>

    <logger name="org.apache.http.headers">
        <level value="DEBUG"/>
    </logger>
    
    <logger name="java.sql.Connection">
        <level value="DEBUG"/>
    </logger>

    <logger name="java.sql.Statement">
        <level value="DEBUG"/>
    </logger>
    
    <logger name="java.sql.PreparedStatement">
        <level value="DEBUG"/>
    </logger>
    
    <logger name="java.sql.ResultSet">
        <level value="ERROR"/>
    </logger>

    <logger name="exceptionLogger">
        <level value="INFO"/>
        <appender-ref ref="EXCEPTION"/>
    </logger>
    
    <logger name="longtimeLogger">
        <level value="INFO"/>
        <appender-ref ref="longtimeAppender"/>
    </logger>
    
    <root>
        <priority value="DEBUG"/>
        <appender-ref ref="CONSOLE"/>
        <appender-ref ref="FILE"/>
    </root>
    
</log4j:configuration>