<?xml version="1.0" encoding="UTF-8"?>
<beans xmlns="http://www.springframework.org/schema/beans"
 xmlns:xsi="http://www.w3.org/2001/XMLSchema-instance"
 xmlns:tx="http://www.springframework.org/schema/tx"
 xmlns:security="http://www.springframework.org/schema/security"
 xsi:schemaLocation="http://www.springframework.org/schema/jdbc http://www.springframework.org/schema/jdbc/spring-jdbc-4.3.xsd
  http://www.springframework.org/schema/beans http://www.springframework.org/schema/beans/spring-beans-4.3.xsd
  http://www.springframework.org/schema/tx http://www.springframework.org/schema/tx/spring-tx-4.3.xsd
  http://www.springframework.org/schema/security http://www.springframework.org/schema/security-4.2.xsd">
  
	<!-- Root Context: defines shared resources visible to all other web components -->
	<bean class="org.springframework.beans.factory.config.PropertyPlaceholderConfigurer">
		<property name="locations">
			<value>classpath:config/properties/jdbc.properties</value>
		</property>
	</bean>
	
	<!-- 데이터베이스 연결 설정, MyBatis 설정, Transaction을 추가 -->
	<bean id="dataSource" class="org.apache.commons.dbcp.BasicDataSource" destroy-method="close">
		<property name="driverClassName" value="${jdbc.driverClassName}" />
		<property name="url" value="${jdbc.url}" />
		<property name="username" value="${jdbc.username}" />
		<property name="password" value="${jdbc.password}" />
	</bean>
	<!-- JDBC 
	<bean id="dataSource" class="org.springframework.jdbc.datasource.DriverManagerDataSource">
	<property name="driverClassName" value="oracle.jdbc.driver.OracleDriver"/>
	<property name="url" value="jdbc:oracle:thin:@127.0.0.1:1521:xe" />
	<property name="username" value="xeuser"/>
	<property name="password" value="xeuser"/>
	</bean>
	-->
	<!-- JNDI DataSource -->
	<!-- <bean id="dataSource" class="org.springframework.jndi.JndiObjectFactoryBean">
	<property name="jndiName">
	<value>jdbc/oracleDB</value>
	</property>
	<property name="resourceRef" value="true"/>
	</bean> -->
			
	<!-- 지정된 베이스 패키지에서 DAO(Mapper)를 검색하여 등록한다. -->
	<bean class="org.mybatis.spring.mapper.MapperScannerConfigurer">
		<property name="basePackage" value="com.test.spring.dao" />
	</bean>
	
	<!-- 트랜잭션 매니저 bean을 등록한다. -->
	<bean id="transactionManager" class="org.springframework.jdbc.datasource.DataSourceTransactionManager">
		<property name="dataSource" ref="dataSource" />		
	</bean>
	
	<!-- 어노테이션 기반의 트랜잭션을 사용한다. -->
	<tx:annotation-driven transaction-manager="transactionManager"/>
			
	<!-- MyBatis SqlSessionFactory -->
	<bean id="sqlSessionFactory" class="org.mybatis.spring.SqlSessionFactoryBean">
		<property name="dataSource" ref="dataSource" />
		<!-- MyBatis 설정 파일의 위치를 지정한다. -->
		<property name="configLocation" value="classpath:config/mybatis-config.xml" />
		<!-- SQL 파일의 위치를 지정한다. -->
		<property name="mapperLocations" >
			<list>
				<value>classpath:com/test/spring/sqlmap/*Service.xml</value>
				<value>classpath:com/test/spring/sqlmap/**/*Service.xml</value>
			</list>
		</property>
	</bean>
	<!-- MyBatis SqlSession -->
	<bean id="sqlSession" class="org.mybatis.spring.SqlSessionTemplate" destroy-method="clearCache">
		<constructor-arg name="sqlSessionFactory" ref="sqlSessionFactory" />
	</bean>
	
    <bean id="board2DAO" class="com.test.spring.dao.Board2DAOImpl">
        <property name="sqlSession" ref="sqlSession" />
    </bean>
</beans>
