<?xml version="1.0" encoding="UTF-8"?>
<!DOCTYPE jboss-web PUBLIC
   "-//JBoss//DTD Web Application 5.0//EN"
   "http://www.jboss.org/j2ee/dtd/jboss-web_5_0.dtd">
   
<jboss-web>
   <!-- Uncomment the security-domain to enable security. You will
      need to edit the htmladaptor login configuration to setup the
      login modules used to authentication users.
      <security-domain>java:/jaas/jmx-console</security-domain>
   -->
 <replication-config>
 <!--
 Possible Values:
  ACCESS
  SET_AND_GET
  SET_AND_NON_PRIMITIVE_GET
  SET
 -->
       <replication-trigger>SET_AND_NON_PRIMITIVE_GET</replication-trigger>
 <!--
 Possible Values:
  SESSION
  ATTRIBUTE
  FIELD
 -->
       <replication-granularity>SESSION</replication-granularity>
 </replication-config>

</jboss-web>